Ait Messaoud#Aghiles#Random#ga_aitmessaoud@esi.dz#
Ait Messaoud#Aghiles#Random#ga_aitmessaoud@esi.dz#
Merrouche#Aymen#Quelqu'un#ga_merrouche@esi.dz#
Merrouche#Aymen#Quelqu'un#ga_merrouche@esi.dz#
Moussaoui#Marwa#Unefille#gm_moussaoui@esi.dz#
Moussaoui#Marwa#Unefille#gm_moussaoui@esi.dz#
Chaklala#Lahcene#Pessimiste#gl_chaklala@esi.dz#
Kherbache#Ismail#Humoriste#gk_ismail@esi.dz#
Tamiti#Rachid#Gestionnaire#gt_rachid@esi.d#
Tamiti#Rachid#Gestionnaire#gt_rachid@esi.dz#
Employe#employe#Traitement#e_employe@esi.dz#