Ansour#Malika#Maitre de conference A#m_ansour@esi.dz#
Zeggour#Djamel Eddine#Maitre de conference A#d_zeggour@esi.d#
Zeggour#Djamel Eddine#Maitre de conference A#d_zeggour@esi.dz#
Hidouci#Walid#Maitre de conference A#w_hidouci@.dz#
Hidouci#Walid#Maitre de conference A#w_hidouci@esi.dz#
Kermi#Adel#Maitre de conference A#a_kermi@i.dz#
Kermi#Adel#Doctorant Chercheur#a_kermi@esi.dz#
Daoudi#Asma#Maitre de conference A#a_daoudi@esi.dz#
Ansour#Malika#Maitre de conference A#m_ansour@esi.dz#
Abane#Remdhane#Responsable service des stages#r_abane@esi.dz#
Abane#Remdhane#Responsable service des stages#r_abane@esi.dz#
#Artiste complet#Maldive#gm@esi.dz#
Bousbia#Nabila#Chercheur Doctorant#n_bousbia@esi.dz#
Sadeg#Souhila#Chercheur#s_sadeg@esi.dz#
Bencherif#Mohamed#Maitre de conference A#m_bencherif@esi.dz#
Naib#Fouzia#Maitre Assistant B#f_naib@esi.dz#
Bourai#Safia#Maitre de conference A#s_bourai@esi.dz#